City_Name,Country Codes,Lat,Lng,Date,Max_Temp,Cloudiness,Humidty,Wind Speed
Castro,CL,-50.538115642365995,-94.87224148152744,1551652401,48.5,92,99,22.97
San Patricio,MX,4.803931138356049,-116.60821174511025,1551652401,82.43,76,96,16.71
Atuona,PF,0.3337390444417423,-125.07174775585685,1551652401,79.6,56,100,10.0
Kropotkin,RU,59.241982077151334,117.61094835384398,1551652402,11.11,68,84,3.4
Norman Wells,CA,77.32606632216914,-121.05453701421962,1551652402,-3.21,44,75,23.87
Mataura,PF,-60.74434627120927,-150.7819566628492,1551652403,36.8,92,94,8.32
Kapaa,US,34.65288629629711,-167.96903877707544,1551652404,56.78,76,99,18.05
Inirida,CO,3.111994801000236,-67.99854087128666,1551652405,78.65,12,86,2.62
Arraial Do Cabo,BR,-27.70670293177656,-38.964818003701055,1551652406,76.54,92,100,1.39
Soyo,AO,-9.074412440379149,6.5165205331704215,1551652407,81.26,88,100,7.99
Barentsburg,SJ,81.02447745369179,-0.7411735406273294,1551652407,-10.27,48,70,20.51
Urumqi,CN,43.78095891756681,89.93738639102952,1551652408,6.16,20,48,2.62
Chiang Klang,TH,19.89878613230347,101.19905677706197,1551652409,66.23,36,77,2.95
Jamestown,SH,-29.172800376435156,-17.879135099959996,1551652410,77.35,44,100,5.64
Itarema,BR,8.727127561749484,-35.69856494952194,1551652410,77.26,12,100,21.07
Tsihombe,MG,-48.38867914492129,45.64975700323902,1551652410,43.69,36,98,23.2
Ribeira Grande,PT,42.74270197245994,-34.50390864229843,1551652411,54.8,92,100,24.43
Pertuis,FR,43.6167570322001,5.493750303216217,1551652411,53.01,0,81,4.7
The Valley,AI,23.001278594803793,-61.067619751681036,1551652413,76.45,88,98,15.48
Kavieng,PG,1.443166388226814,150.72235067504283,1551652414,84.68,8,100,3.06
Sanmenxia,CN,34.948961537532185,111.52528691384401,1551652415,31.36,68,78,2.51
Hobart,AU,-52.13448048047022,146.66720769531173,1551652415,47.47,92,88,35.72
Krasnoslobodsk,RU,54.25795054601335,43.742322681042396,1551652416,26.23,80,91,11.9
Chuy,UY,-47.07658278871312,-37.60875362076146,1551652416,47.11,24,100,26.89
Lebu,CL,-36.6310580111701,-87.88170795388697,1551652417,65.11,64,100,15.26
East London,ZA,-37.57103359922036,30.173425336279877,1551652417,70.28,92,95,20.07
Narsaq,GL,75.87461090605476,-64.94582504449285,1551652418,6.56,48,95,9.66
Saint George,BM,28.28994262605663,-60.9229096435442,1551652418,72.04,24,100,6.76
Kodiak,US,43.912863287353275,-153.9138083499373,1551652419,46.48,80,100,10.45
Bathsheba,BB,17.93804061540716,-52.78472830045274,1551652419,75.5,92,100,19.39
Upernavik,GL,80.4754320941054,-57.489056323145036,1551652420,-16.39,0,62,19.51
Busselton,AU,-83.59051348681041,84.33162913089387,1551652421,-43.71,8,0,15.7
Port Lincoln,AU,-35.01510742116112,136.02992256038408,1551652421,68.48,0,100,12.46
Ukiah,US,34.24592381049766,-131.77905189406485,1551652422,55.61,8,100,10.89
Asau,TV,-14.03227341433201,178.93824753865607,1551652422,84.86,44,99,15.48
Winsum,NL,53.3127677999301,6.553386175740997,1551652394,52.0,20,87,21.92
Luderitz,NA,-27.605546450083672,2.2540313871148783,1551652423,75.19,92,98,13.47
Albany,AU,-46.19005530159197,116.38872039936399,1551652424,48.28,44,100,39.75
Rikitea,PF,-23.116366036643,-130.4528446422444,1551652424,80.68,68,100,11.79
Kavaratti,IN,9.734209842045459,66.09628843600652,1551652425,80.14,88,100,9.22
Leh,IN,36.37660566534667,81.29784496232338,1551652425,23.26,64,64,4.63
Mar Del Plata,AR,-53.5418857315065,-43.09818437059812,1551652426,38.02,0,100,0.38
Hermanus,ZA,-78.86447143969431,-5.06024799806471,1551652427,-33.9,20,44,12.24
Bredasdorp,ZA,-52.4535340505131,19.72277170143093,1551652427,37.21,88,95,24.2
Burnie,AU,-42.83318373328244,143.17700741757818,1551652428,60.16,92,96,19.17
Beckley,US,38.14818516002296,-80.9972533762085,1551652235,41.0,90,93,3.36
Luwuk,ID,-1.6560736201385993,123.80733236186961,1551652429,84.23,32,97,8.66
Hilo,US,26.75604927475898,-141.06434992396217,1551652429,67.85,0,99,24.09
Belushya Guba,RU,69.534021757331,51.576937382515155,1551652430,17.45,76,100,22.86
Cape Town,ZA,-55.34016419921474,-3.262352102446414,1551652430,34.87,48,97,24.87
Marcona,PE,-23.00648819455914,-84.16789372379921,1551652431,69.61,24,100,18.28
Vao,NC,-25.42855938427931,172.64783769726256,1551652432,78.34,64,99,24.09
Qaanaaq,GL,80.75585960916149,-83.06920226896442,1551652433,-35.52,20,61,0.94
Ischia,IT,40.664845973470534,13.993164118466694,1551652384,55.0,0,87,2.24
Araouane,ML,18.865179006825613,-2.942784216608345,1551652434,54.26,0,34,5.08
Punta Arenas,CL,-77.27972132015422,-108.11896390547855,1551652434,-3.79,0,65,18.28
Labuhan,ID,-10.12838115988869,100.68998475504719,1551652436,82.16,44,100,19.73
Ushuaia,AR,-72.7508461613975,-48.19227419156715,1551652436,20.78,92,87,10.11
Grand River South East,MU,-26.93313350976956,78.79932828649248,1551652440,77.44,76,100,23.76
Henties Bay,NA,-21.78167565701125,3.924536043098584,1551652441,75.37,8,96,18.95
Sinnamary,GF,14.489401784441455,-47.25199715696684,1551652442,76.54,68,99,21.18
Tuatapere,NZ,-50.40951326844093,159.76283757985675,1551652442,51.2,76,96,26.66
Padang,ID,-7.554055426762034,90.7169536139761,1551652442,83.51,88,100,15.26
Dikson,RU,86.12143534117331,81.5444245548174,1551652443,-10.14,44,69,3.62
Mehamn,NO,85.54981431619873,30.06589414602945,1551652444,-12.3,64,77,8.99
Pishva,IR,35.314323440197214,52.01213655962874,1551652448,27.53,0,64,3.62
Caravelas,BR,-25.773548994566823,-22.580144810294968,1551652449,78.88,44,100,13.13
Longyearbyen,SJ,85.00183394547807,21.10600733865877,1551652449,-12.75,80,79,11.79
Sur,OM,17.971728243290997,59.48169746610628,1551652450,76.72,12,98,3.74
Cayenne,GF,12.455140461208188,-46.30152285567357,1551652450,76.72,64,99,20.51
Mizdah,LY,29.38369167492351,12.30731401919968,1551652451,42.83,0,60,3.4
Torbay,CA,36.908381325214904,-50.0127118674186,1551652451,64.57,24,96,29.8
Flinders,AU,-31.875124206152172,128.39846682623573,1551652452,71.5,20,74,7.65
Teya,RU,61.1157461930712,89.77296978350131,1551652453,26.32,92,85,10.78
Maragogi,BR,-17.5097252012052,-24.79550880296742,1551652454,81.22,92,100,12.24
Nouakchott,MR,17.86972949472512,-15.064927743798592,1551652454,63.4,0,15,8.43
New Norfolk,AU,-85.3617614883717,129.92383231985752,1551652455,-49.69,0,0,15.03
Rocha,UY,-46.37111791916013,-43.57400668543542,1551652456,48.55,56,100,14.03
Fairbanks,US,71.70469557891235,-144.40600670282632,1551652457,19.03,48,93,18.16
Katsuura,JP,25.36464879079203,145.30486684646445,1551652457,74.92,32,95,14.03
Ambilobe,MG,-8.385847858381382,48.59300428323735,1551652458,83.92,88,99,7.87
Surgut,RU,60.73320961731554,73.87000010813327,1551652458,24.88,80,86,16.82
Bagua Grande,PE,-6.165948620880982,-78.33371639199167,1551652459,64.93,32,92,0.6
Khatanga,RU,82.03249222600252,101.10404501046423,1551652460,-8.43,44,64,4.18
Iqaluit,CA,60.70843111690266,-74.54225056118122,1551652461,-10.72,32,69,8.32
Nizhneyansk,RU,74.66671043792911,137.8733207803141,1551652461,-3.48,80,76,10.11
Tuktoyaktuk,CA,86.49015528134254,-121.43119612465532,1551652462,8.0,80,81,13.91
Wesselsbron,ZA,-28.229192361337624,26.25440885196872,1551652462,62.36,0,57,4.29
Havoysund,NO,78.04903823363404,25.04124025957259,1551652464,-4.02,24,76,33.82
Talnakh,RU,83.06795724384966,92.31647943780047,1551652464,-14.5,24,64,4.85
Ngukurr,AU,-17.37018322531567,137.1336428331299,1551652465,87.56,0,45,10.67
Port Alfred,ZA,-65.30000369259135,44.409261966651485,1551652465,31.58,88,100,19.73
Tasiilaq,GL,63.80991981001952,-34.841486528416596,1551652466,39.1,92,100,39.86
Kargil,IN,34.41076941320563,75.91060480573319,1551652466,-2.94,32,92,1.16
Ponta Do Sol,CV,22.637427875573266,-37.136774839561326,1551652467,71.77,48,100,17.49
Starokorsunskaya,RU,45.09334737823215,39.296038656022546,1551652217,30.0,0,86,4.47
Kharitonovo,RU,62.46321319367607,47.24798112434007,1551652468,-5.55,0,67,2.62
Paranga,RU,56.855747829780455,49.43467228873496,1551652469,16.06,80,84,4.18
Gao,ML,15.813178756157058,-1.232968471611116,1551652470,56.56,0,29,3.06
Fredonia,US,42.38047767003346,-79.30456487116975,1551652446,28.0,90,85,3.36
Dingle,IE,52.21870592063274,-14.982229266369131,1551652471,43.51,92,100,17.49
Harper,LR,3.202290398050039,-8.125304311353233,1551652472,84.19,0,100,6.42
Ayagoz,KZ,48.9285807944961,78.3184750303285,1551652472,16.96,0,83,5.3
Cairns,AU,-14.194864842945421,146.07646237783018,1551652473,82.66,20,98,19.62
Suihua,CN,46.95275694798096,126.95569862998065,1551652474,28.88,0,47,2.84
Pravia,ES,44.51750271843727,-6.489817242472213,1551652474,54.67,0,97,43.11
Victoria,SC,-2.42054641391087,54.14520794758522,1551652475,81.98,8,100,8.32
Paucartambo,PE,-11.854198880515582,-71.25665328761859,1551652475,77.93,20,89,2.51
Dire,ML,11.897404825787248,-10.72852578249072,1551652476,61.6,0,53,4.18
Airai,PW,15.505150852045688,139.38320030992884,1551652476,79.33,88,100,12.24
Eureka,US,40.63688313956075,-134.1850966697915,1551652476,48.73,48,100,14.58
Beaverlodge,CA,54.10865871391118,-119.74064324967823,1551652214,12.99,0,43,4.0
Congonhas,BR,-20.505603310020305,-43.97513722878881,1551646800,80.6,20,57,6.93
Bluff,NZ,-82.1985159652501,167.81180895612312,1551652478,-7.39,8,61,7.43
Ostrovnoy,RU,80.05811785073362,42.057259801659654,1551652478,-3.07,0,100,3.74
Praia Da Vitoria,PT,43.460051051158956,-23.94622342688811,1551652479,55.39,48,100,23.64
Muzhi,RU,65.67557558281388,64.73484087141011,1551652480,0.04,76,73,21.74
Hit,IQ,34.29923948054899,42.80435902433874,1551652480,56.2,92,51,5.19
Hithadhoo,MV,-23.025889332191028,83.85652390138051,1551652481,78.97,80,100,22.64
Slave Lake,CA,56.340170091945424,-114.35939100057043,1551652481,8.18,0,49,4.52
Bethel,US,59.38121979490856,-160.79563680752767,1551650160,33.8,90,80,9.17
Alexandria,EG,32.1689580261278,28.862403510472518,1551652483,61.06,92,100,16.49
Sao Domingos,BR,-13.62964027766236,-46.66774400905925,1551652484,74.29,92,89,2.73
Yellowknife,CA,65.66855225978156,-111.37080983829182,1551652484,1.93,32,75,12.24
Limbang,MY,3.4594874648639973,115.19070325836918,1551652485,70.6,64,90,1.95
Pacific Grove,US,32.289509867679016,-125.89206337682978,1551652486,57.01,44,100,8.77
Riberalta,BO,-12.440705326698193,-66.44918438021956,1551652487,83.2,8,71,2.95
Sterling,US,60.53285636068091,-150.14340312516094,1551652358,33.8,90,59,5.82
Lompoc,US,25.11653062314403,-133.2837788367028,1551652488,68.62,92,99,8.88
Taolanaro,MG,-49.54576326399581,54.72173734448708,1551652488,41.48,36,100,20.51
Colares,PT,37.9932809425398,-13.029971750411278,1551652490,61.15,64,97,17.27
Cidreira,BR,-40.617957479590075,-38.00397589300533,1551652490,60.38,20,100,32.93
Thompson,CA,63.919158373323825,-95.75676449755129,1551650400,1.4,75,77,27.51
Avarua,CK,-30.16429985558021,-158.57701484455413,1551652493,71.86,24,100,19.28
Changji,CN,44.09915224973403,87.59187261985204,1551652444,33.01,56,85,2.24
Auki,SB,-7.640663675425728,161.7530991395763,1551652494,82.3,20,100,7.31
Tomatlan,MX,16.23435273189719,-109.7137949975532,1551652496,77.62,0,100,9.44
Radovitskiy,RU,55.12684588316952,39.74531458798694,1551652411,19.0,8,93,3.0
Margate,ZA,-42.10211458674139,42.14867643101729,1551652496,56.74,12,93,15.37
Opole Lubelskie,PL,50.98271993698134,21.933248388480138,1551652385,48.0,90,87,14.99
Winnemucca,US,41.56647032640808,-118.72145692341502,1551652497,37.03,0,74,3.18
Lasa,CN,29.515538372292795,90.02439580145347,1551652498,-7.12,8,58,1.61
Camacha,PT,33.70413300472106,-15.19383586567642,1551652499,62.95,88,100,9.55
Acarau,BR,7.266752840555355,-39.5279570245514,1551652499,78.43,48,100,19.28
Yermish,RU,54.87213681921577,42.09508170793066,1551652500,15.34,0,78,7.2
Samarai,PG,-12.885539614582996,150.32711941592913,1551652500,79.91,80,100,5.41
Pisco,PE,-26.66832824013388,-100.25741866701122,1551652501,72.58,76,100,13.13
Tabiauea,KI,0.23708810956065918,172.44057181747655,1551652502,81.22,64,100,10.22
Blagoveshchenka,RU,52.74179374637205,80.0588482231197,1551652503,25.24,32,80,14.36
Tres De Maio,BR,-27.811887975961064,-54.12845800909254,1551652503,70.73,0,67,6.76
Walvis Bay,NA,-23.884201201945032,10.094914063884971,1551652504,72.08,0,96,19.62
Azimur,MA,33.68241694281831,-9.337862279182389,1551652505,61.51,32,100,12.24
Solano,CO,0.4034152531499444,-75.63470969659227,1551652505,77.3,32,90,2.73
Seabra,BR,-12.33480714421232,-42.19951131022091,1551652505,71.95,64,74,10.22
Caucaia,BR,0.6145638517806304,-35.475807081510226,1551652506,81.26,88,98,15.26
Fortuna,US,33.54198909880131,-135.3623725459761,1551652506,58.54,92,100,19.84
Port Augusta,AU,-28.044548577884427,138.51490859521465,1551652507,92.29,0,26,11.45
Ranong,TH,10.18891439533978,95.77993502092392,1551652508,81.98,0,100,5.64
One Hundred Mile House,CA,51.75168194781267,-121.31169159676384,1551652222,19.99,1,28,3.51
Souillac,MU,-22.072786727643802,57.78206956250975,1551652518,83.74,0,97,13.02
Yerbogachen,RU,66.25442665410469,106.08611826369054,1551652518,8.14,56,83,4.97
Moose Factory,CA,55.368901141818554,-77.68779379700328,1551650580,-0.41,90,84,8.05
Phan Rang,VN,10.559388424751546,111.2318741202082,1551652520,79.78,0,100,9.89
Guerrero Negro,MX,27.07566438342849,-115.52694450855026,1551652520,61.1,0,100,18.28
General Roca,AR,-38.85330101684607,-65.80075596489394,1551652521,72.49,24,17,6.76
Mount Gambier,AU,-58.801511734034854,126.62330090861536,1551652521,37.75,88,100,16.37
Dudinka,RU,71.81539411683957,85.45286068916039,1551652522,-14.05,32,63,7.65
Strezhevoy,RU,62.45544823879246,79.49428467293899,1551652524,26.5,20,84,16.71
Ruteng,ID,-7.8362042966294325,120.65660043717799,1551652525,80.36,44,100,5.08
Moron,MN,50.08305540886613,101.40120190446584,1551652525,0.04,0,53,2.95
Angoche,MZ,-17.694015410773574,39.616670084787984,1551652526,75.1,92,100,17.05
Lundazi,ZM,-12.205562868888677,32.701304281711344,1551652526,67.58,56,88,5.86
Novikovo,RU,45.59770641572703,144.91510298979205,1551652527,26.18,24,100,11.9
Bairiki,KI,0.40032128400444833,164.60100075932075,1551652527,79.55,80,100,11.79
Nikolskoye,RU,43.746940066638956,175.46007256944625,1551652528,39.5,80,100,18.5
Charters Towers,AU,-20.594538848172107,146.50505341303864,1551652529,76.4,0,77,11.68
Barrow,US,77.03586843496106,-150.14682429383333,1551652529,4.76,36,87,26.89
Kruisfontein,ZA,-60.72071567871482,26.62136764221117,1551652530,34.73,80,98,10.89
Danilovka,RU,50.454227157838574,43.76772811177531,1551652456,24.01,92,81,8.99
Samfya,ZM,-11.486563360522496,29.786899784442454,1551652532,64.43,76,100,2.84
Georgetown,SH,-3.9912536234199933,-9.898417028870767,1551652533,82.25,8,100,6.98
Sitka,US,39.26087390194141,-144.24296652975156,1551652533,53.14,88,100,27.67
Qabis,TN,34.29948364636381,9.941869439101083,1551650400,50.0,0,57,2.24
Sataua,WS,-7.4729090409384185,-173.33386477037408,1551652535,82.57,24,100,16.15
Touros,BR,-2.7575386065480956,-32.443217237791515,1551652535,80.81,36,100,6.76
Nalut,LY,30.224285446129656,10.066392190371175,1551652536,50.03,0,73,8.99
Tura,RU,66.41800277871826,100.65416909884652,1551652536,-3.7,8,60,4.74
Pangnirtung,CA,64.84592322280261,-59.70335576856456,1551652537,8.41,80,87,14.7
Cherskiy,RU,83.15346123669002,162.99176126854996,1551652538,3.91,56,79,11.45
Almaty,KZ,42.96699595535944,76.90135369187857,1551650400,28.4,90,92,2.24
Punta Alta,AR,-40.21063105482511,-61.61613395168712,1551652538,65.83,64,100,10.45
Inhambane,MZ,-21.73723977238444,37.34089911745443,1551652539,82.84,0,99,13.8
Emerald,AU,-25.0189062109104,147.98076813190977,1551652539,74.38,0,63,8.99
Kudymkar,RU,59.285748830134736,54.73150747130086,1551652540,-4.38,0,63,3.51
Staryy Nadym,RU,66.57670488267573,73.2669535833461,1551652540,9.67,88,81,21.52
Ambanja,MG,-12.986406906809734,47.2334586818323,1551652542,80.36,56,100,3.06
Codrington,AG,19.794921647827408,-56.31927816501047,1551652542,76.18,76,100,18.05
Kulhudhuffushi,MV,6.900097320787111,71.14896141460565,1551652543,81.4,88,100,8.43
Saint-Philippe,RE,-52.488442098768786,70.66968229496095,1551652544,41.3,92,91,17.72
Clonakilty,IE,50.33739702254306,-8.582930014133211,1551652544,47.83,88,100,13.58
Abu Jubayhah,SD,11.466205388650366,30.788472086699073,1551652546,67.18,0,22,8.32
Najran,SA,16.450211371653836,45.19696645788781,1551652547,55.88,0,51,2.06
Te Anau,NZ,-43.49637077781585,161.41600743947083,1551652547,63.85,92,92,29.8
Uvira,CD,-3.57821929968118,29.24120678523201,1551652548,61.42,76,100,1.61
Jackson,US,35.61272477287406,-88.80299668638504,1551652507,34.0,90,86,18.34
Sola,VU,-13.995490020277188,168.14212179211853,1551652550,84.68,8,94,12.8
Saskylakh,RU,87.161830656148,120.64834198610572,1551652551,-10.27,56,69,4.63
Severobaykalsk,RU,56.45345956338565,108.7753576926603,1551652551,1.66,12,98,2.06
Ambon,ID,-5.42185214050474,127.82793352180369,1551652552,80.45,68,100,4.52
Klaksvik,FO,80.9783849867473,-4.70878512845033,1551652552,-13.87,36,84,19.39
Pilot Butte,CA,50.50904481546627,-104.31119936938659,1551652372,1.99,90,70,25.28
Rio Verde De Mato Grosso,BR,-19.02302405632595,-54.643013645767255,1551652553,75.05,0,70,5.3
Coquimbo,CL,-27.667527128567336,-85.33246944714855,1551652554,68.62,80,100,17.27
Mahebourg,MU,-29.086894885006735,67.0885481314335,1551652555,75.95,100,100,12.68
Khuzhir,RU,54.61519666409879,107.46361785406151,1551652555,18.35,68,81,4.29
Ahipara,NZ,-31.67193024473803,168.29734161426484,1551652556,73.12,32,98,20.07
Vallenar,CL,-28.182919476160727,-70.49953927817145,1551652556,58.0,0,80,0.94
Malwan,IN,15.609986194580785,68.41691982936317,1551652557,77.08,100,100,8.99
Lake Havasu City,US,34.57357931434214,-113.90901032890724,1551652471,77.0,1,35,6.93
San Quintin,MX,27.208453597834747,-122.28148628520539,1551652558,63.67,64,100,10.78
Marovoay,MG,-17.118803976463255,45.65754952079669,1551652559,68.3,48,97,4.97
Bengkulu,ID,-10.781720241884315,99.87006752317143,1551652559,83.2,32,99,23.09
Otane,NZ,-43.26273446239155,179.98054194500816,1551652560,62.32,24,100,13.8
Mandera,KE,3.7440084978464796,40.99553178239455,1551652561,71.32,0,58,2.84
Nemuro,JP,40.72666630444354,147.21691125322712,1551652562,45.13,12,93,8.66
Albion,MU,-19.347877604526005,56.57674352035275,1551652562,83.38,32,98,16.04
Isangel,VU,-15.805274688843198,175.87673936910153,1551652564,84.73,68,100,11.79
Deputatskiy,RU,68.67840518603808,139.79430094507035,1551652565,-25.98,0,36,3.51
Khasan,RU,39.34173919635913,129.99317389388824,1551652567,43.69,68,93,3.06
Crossville,US,36.356933866017556,-84.68007990022076,1551652368,46.0,90,100,18.34
Butaritari,KI,23.145085020386546,172.24370179191698,1551652568,77.3,80,97,12.12
Vaini,TO,-54.04258362423494,-169.84009797292205,1551652569,46.39,0,96,29.24
Suntar,RU,60.2938699671021,117.08737608808468,1551652570,11.65,56,85,3.74
Almeirim,BR,-1.5458709976395824,-53.04162225716999,1551652570,79.55,36,79,7.43
Riyadh,SA,20.58123500078321,47.73761084283262,1551652571,56.65,0,28,7.76
Abu Dhabi,AE,24.87549762727828,54.66013121606875,1551650400,64.4,20,68,8.05
Severo-Kurilsk,RU,34.70720315940514,162.33029520653082,1551652572,53.23,0,100,5.64
Ancud,CL,-41.62720974268316,-96.73186489269247,1551652573,58.81,92,100,8.1
Aksu,KZ,51.08142001507622,76.7765180696141,1551652573,27.58,76,87,9.22
Ye,MM,15.229047982388352,98.71550821909648,1551652574,64.66,0,88,1.95
Saldanha,ZA,-40.35216563808705,2.778039642839076,1551652574,57.5,48,100,23.31
Nanortalik,GL,52.389360624771854,-43.817019979568556,1551652575,39.55,80,100,8.66
Arrecife,ES,28.52266544196941,-12.444646475501912,1551652576,62.77,92,100,18.28
Isla Mujeres,MX,22.16888276717171,-86.80859648152409,1551652576,80.36,0,93,16.82
Taltal,CL,-26.11082853643213,-71.46186735828309,1551652577,67.85,0,100,13.69
Namibe,AO,-15.629858194452368,12.567324664197429,1551652577,67.58,8,85,2.73
Bambous Virieux,MU,-24.64445302825105,63.36559055659484,1551652577,80.68,12,100,18.05
Yar-Sale,RU,68.42442212851421,71.7988351064939,1551652578,-8.43,56,63,15.7
Hami,CN,43.297876415966925,95.80544238483333,1551652579,2.47,0,43,2.28
Kaitangata,NZ,-80.89001220538425,177.54490348305757,1551652579,15.79,76,100,11.68
Lolua,TV,-7.71038559079274,172.12463972651483,1551652580,84.23,24,99,15.03
Salto,UY,-31.414337528704912,-57.19442293271344,1551652580,78.38,8,59,10.67
Tiznit,MA,27.287643039223312,-9.729036064707515,1551652581,52.69,0,75,3.74
Chokurdakh,RU,75.01370754306384,149.60849259770418,1551652582,-11.22,32,73,11.23
Illoqqortoormiut,GL,84.0441212088109,-11.029500306110464,1551652582,-13.6,68,83,18.84
Trinidad,BO,-14.788272908150333,-64.21249929612932,1551652583,79.55,8,82,3.62
Izhma,RU,66.53325679389218,55.11390813457615,1551652584,-8.47,32,62,2.17
Gat,LY,25.82564421842679,6.529149682745128,1551652585,42.88,0,55,2.73
Lavrentiya,RU,71.02509310278836,-172.74325081109907,1551652585,18.58,80,94,18.72
Xining,CN,36.77396625575649,100.85529185102001,1551652586,9.13,32,79,2.95
Cabo San Lucas,MX,18.634160957668527,-111.29394310330461,1551652588,77.48,0,96,12.68
Doha,KW,29.524237777476586,46.0972650988266,1551652588,41.98,0,57,2.95
Petropavlovsk-Kamchatskiy,RU,47.82142465334553,164.070302238882,1551652589,32.08,48,100,35.16
Berlevag,NO,74.5581321622306,30.178049924112827,1551652590,15.61,36,100,20.96
Port Elizabeth,ZA,-89.57703689325304,33.27057954570151,1551652590,-39.57,0,57,18.5
Sentyabrskiy,RU,26.722379504705643,162.771335862978,1551652591,69.25,32,100,21.41
Peleduy,RU,60.271180947080296,111.95698017738653,1551652592,12.01,80,89,2.62
Puerto Ayora,EC,-5.592883789758758,-112.00261096724145,1551652592,79.87,0,100,13.69
Yulara,AU,-27.237832140693648,131.39530823615905,1551652593,83.96,36,23,4.97
Anahuac,MX,26.889042996454947,-100.14902030993998,1551652594,71.23,0,58,16.04
Okandja,GA,0.39867492898565615,14.358450399083893,1551652595,68.62,8,95,2.95
Coari,BR,-4.256167645608201,-63.36444084355554,1551652596,79.01,36,96,0.94
Innisfail,AU,-16.750840390016393,148.19396302102706,1551652596,81.53,12,99,18.95
Broome,AU,-16.390747184709085,120.91173106762642,1551652597,88.51,20,92,8.1
Mildura,AU,-33.50982204567467,140.78703400513382,1551652598,79.24,44,69,4.63
Saquena,PE,-5.220364071128003,-72.54998133713441,1551652599,78.88,20,89,0.94
Mahajanga,MG,-14.991024665949027,46.66645899797771,1551652599,77.3,76,100,3.51
Alofi,NU,-18.018163813926492,-168.0896805560664,1551652600,81.67,76,100,9.22
Haines Junction,CA,59.925062371346655,-137.07855313568803,1551652601,14.03,8,84,2.73
Samusu,WS,-11.472213130178062,-163.68421876965863,1551652602,81.98,24,100,12.35
Geraldton,AU,-33.04824891706528,93.31430770379836,1551652602,67.4,92,100,19.51
Millau,FR,44.32609086986233,3.246025546581535,1551650400,46.4,0,61,8.05
Miyako,JP,40.20383577021204,142.07680880469394,1551652603,42.79,64,100,4.29
Pontian Kecil,MY,1.0148622075820413,102.96034987456943,1551652604,80.36,20,100,14.7
Bacuit,PH,12.842619033611186,115.84259137661087,1551652605,79.91,0,100,11.45
Usakos,NA,-21.803258594175517,15.270180064167334,1551652605,57.5,0,90,2.73
Coihaique,CL,-43.779333771158285,-71.46423934965416,1551650400,50.0,0,81,10.29
Voh,NC,-23.53761408135506,162.09665465988502,1551652607,78.11,92,96,22.75
Husavik,IS,71.82464070294685,-14.380491873875599,1551652607,21.55,68,100,28.68
Kholodnyy,RU,61.33794175079373,147.0938302041812,1551652608,-10.27,0,61,11.45
Bollnas,SE,61.87829308831721,16.00183307184318,1551652609,22.36,92,87,3.4
Rawson,AR,-49.2592551481688,-59.373323896157615,1551652609,51.07,64,93,22.75
Kaeo,NZ,-28.401218688630095,175.12473589912656,1551652610,74.92,48,100,21.74
Dimona,IL,31.299922335067194,35.29993553080615,1551652451,50.0,0,62,2.17
Bay Roberts,CA,41.448842242621424,-52.53372591150058,1551652611,48.05,32,100,41.88
Saint-Pierre,PM,45.16979454826392,-56.25360277011265,1551652612,30.55,64,100,25.66
Salalah,OM,14.451509528870162,53.82202529129171,1551652613,78.79,20,98,11.68
Harda,IN,22.30186808773709,77.31039116930992,1551652613,58.09,0,79,2.73
Nizwa,OM,23.467403408802667,55.88380071788316,1551652429,60.01,0,54,1.01
Hun,LY,29.181272023835447,14.20952956571017,1551652615,41.44,0,61,2.95
Sai Buri,TH,7.136863289769181,102.47500909555947,1551652615,79.55,8,100,8.99
Faya,TD,17.59020242929661,19.95477747157591,1551652616,72.4,0,17,11.68
Zhanatas,KZ,45.213045643356594,71.09866709623455,1551652616,34.51,12,84,5.19
Terney,RU,44.734576545684604,137.5465677289052,1551652617,32.44,0,99,1.61
Bababe,MR,17.16854597828467,-13.152507459931456,1551652617,65.83,0,13,11.23
Los Llanos De Aridane,ES,26.72286680791349,-26.759591524557266,1551652618,67.72,8,100,14.58
Broken Hill,AU,-31.53421439008082,142.59409389166876,1551652619,91.12,0,37,9.22
Maidens,GB,55.42224664811036,-4.880854552506662,1551652344,41.0,75,93,12.75
Hailar,CN,47.66743948366681,119.52374679076729,1551652621,10.48,12,65,2.73
Trojes,HN,14.151167714328238,-85.60411252661764,1551652621,74.56,44,68,2.39
Bambanglipuro,ID,-13.692415965506768,109.60731371965392,1551652622,78.56,92,100,18.39
Umm Kaddadah,SD,15.605542770559367,27.1179916192184,1551652623,57.1,0,30,5.41
Khormuj,IR,28.48360514472904,51.63447738168716,1551652624,43.15,0,83,4.63
Tumannyy,RU,75.40195967262528,36.747747683526654,1551652625,8.81,44,100,15.93
Tommot,RU,58.92449523106336,127.09104401287453,1551652625,8.23,64,69,2.51
Korla,CN,37.21735593102464,87.07944997142272,1551652626,-11.85,24,66,3.4
Bati,ET,11.353543281386777,40.531330300149136,1551652626,71.81,0,53,10.45
Pevek,RU,75.69525681548197,168.6302339985603,1551652627,-3.25,36,75,25.77
Jatai,BR,-17.597193701761228,-51.350410907149495,1551652627,69.34,80,97,5.41
Tursunzoda,TJ,38.692384634723425,67.95909563116828,1551652628,31.09,0,74,5.86
Karratha,AU,-21.28218720210326,115.9196251477893,1551652631,86.93,92,83,10.45
Mae Hong Son,TH,19.013069940656266,98.30930367221839,1551652632,55.43,0,81,1.61
Sao Filipe,CV,12.05070908906579,-34.62715236277714,1551652633,74.51,0,99,21.18
Louisbourg,CA,42.06892258657854,-59.7107028334913,1551652633,36.85,0,100,17.72
Shaowu,CN,26.77248089775918,116.96716370378658,1551652633,40.27,20,87,2.17
Zamora,EC,-4.259778203984055,-78.69958119984904,1551652634,66.68,12,88,1.5
Atar,MR,19.565222686303372,-11.28786075317791,1551652635,60.25,0,25,10.45
Krusevac,RS,43.529212869614895,21.295325334617786,1551650400,37.4,0,74,5.82
Sibolga,ID,0.18921943413027975,98.01857549608565,1551652636,84.28,68,100,10.45
Sisimiut,GL,65.40097481860622,-57.26688582929769,1551652636,11.74,8,100,8.99
Malmedy,BE,50.32404839606619,6.037294574215849,1551652635,55.0,12,87,5.82
Thunder Bay,CA,49.72675552175062,-88.58413156472479,1551650400,-0.41,75,49,10.29
Toktogul,KG,42.38101930775986,73.03119154028909,1551652602,37.99,8,53,1.01
Manta,EC,-0.7180187412004955,-83.67836863193793,1551652638,79.96,0,100,3.51
Candawaga,PH,10.581755338083397,115.74056458913248,1551652639,80.41,0,100,13.35
Keti Bandar,PK,24.05348431232001,67.35850215435309,1551652639,67.0,20,100,12.57
Kahului,US,29.493462550035986,-149.72890539180682,1551652640,63.85,68,100,37.85
Clarence Town,BS,23.435560176340203,-76.35681885140579,1551652641,78.25,0,99,12.91
Port-Cartier,CA,51.89191021577156,-68.1388963201,1551652641,6.83,64,74,5.75
Golden,CA,51.82287816024382,-116.83566399892455,1551650400,17.6,5,31,2.24
Chapais,CA,55.4165328903257,-74.5975015017411,1551652643,-5.01,64,78,0.04
Grand Island,US,41.20947160661683,-97.95052146759647,1551652622,5.0,1,59,17.22
Beloha,MG,-27.239160024076824,43.82859936841646,1551652644,80.18,92,100,19.51
Vaitape,PF,-17.499763491833264,-154.26118733675108,1551652645,82.48,24,100,2.39
Mount Isa,AU,-20.019549893791975,135.72363965450512,1551652646,92.11,0,30,10.67
Provideniya,RU,45.659284179884935,-173.91581312775037,1551652646,40.0,8,100,3.29
Hovd,MN,45.32340914436281,99.34793087281025,1551652647,17.9,0,77,9.44
Tarudant,MA,29.597427822966523,-8.765389849693236,1551652647,35.18,0,72,2.28
Krasnoselkup,RU,67.23604033552712,80.94436758733195,1551652648,15.88,88,87,19.06
Dicabisagan,PH,16.949573230302477,123.08217843969715,1551652649,77.89,8,100,4.74
Vardo,NO,72.85853113987301,32.41035987727946,1551652649,23.26,68,100,15.37
Axim,GH,-3.385854276637886,-2.024307846970544,1551652649,83.38,80,99,6.87
Bubaque,GW,10.171410233343039,-18.233078108525348,1551652650,75.37,0,96,12.8
Erzincan,TR,39.40997294884687,38.888092069973624,1551649800,28.4,20,86,2.28
Karema,TZ,-6.545023969230073,30.315973744952203,1551652651,65.56,100,97,2.62
Qaqortoq,GL,62.24219325469619,-46.52371089097434,1551652652,-11.22,8,56,19.06
Haibowan,CN,39.05167242730323,108.31694737470059,1551652652,27.53,80,78,2.95
Fort Nelson,CA,59.77231305045498,-122.03549371349044,1551652653,12.64,0,52,2.62
Great Yarmouth,GB,53.79577504169632,2.271641548047029,1551652563,48.2,8,87,42.5
Sambava,MG,-12.802725983628193,56.394386404858096,1551652654,83.96,88,98,13.35
Attawapiskat,CA,59.36829003258137,-83.38794846567484,1551652655,-8.47,36,80,14.25
Mabaruma,GY,6.959994953823951,-59.79091093233622,1551652656,77.08,92,71,3.62
Lagoa,PT,44.49962759715109,-31.17968709720796,1551652656,54.76,92,100,18.39
Viedma,AR,-41.70052813503837,-63.17667494015977,1551652657,63.94,0,96,6.98
Milkovo,RU,54.1502177017947,159.62739193952757,1551652657,14.35,64,73,16.26
Aquiraz,BR,-2.4307469180681096,-36.47171289546631,1551652658,76.4,92,100,5.53
Yoichi,JP,43.39699087647634,140.82405779887807,1551650411,35.6,75,99,5.82
Seddon,NZ,-42.95504742247446,174.91276792150563,1551652659,61.73,0,98,17.05
San Fernando,MX,24.43930680610292,-96.95115917151993,1551652659,74.15,12,97,8.99
Akot,IN,21.388863009624217,76.99184729602354,1551652659,57.82,0,80,3.62
Makakilo City,US,6.324317165413959,-165.7783981311434,1551652660,82.03,68,100,27.34
Poum,NC,-17.06120994573969,162.61755557113122,1551652661,80.77,0,94,17.05
Itaituba,BR,-6.341541436129987,-54.567610363115136,1551652661,74.74,24,94,2.17
Mangrol,IN,19.843735814660576,68.51446590012952,1551652662,75.1,8,100,8.88
Ugoofaaru,MV,6.059877628164628,65.01715637579372,1551652662,79.91,88,100,8.1
Zyryanka,RU,64.39363374310452,149.98238275162856,1551652663,-13.24,48,57,3.06
Cuamba,MZ,-14.701767481677877,36.751839082960544,1551652663,68.44,92,98,3.62
Rockhampton,AU,-23.642524307977126,150.09376296135832,1551650400,77.0,40,65,11.41
Bilma,NE,21.23668528612872,10.88946323555308,1551652664,56.92,0,24,10.33
Tazovskiy,RU,68.64216472135689,78.06099920520433,1551652664,-0.87,76,77,22.19
San Ignacio,BO,-14.987904075007606,-60.934473253704454,1551652665,76.99,44,89,3.62
Shingu,JP,24.77268807752708,139.63012002750628,1551652666,76.09,0,96,18.5
Sorland,NO,68.36612876243211,12.060759794549995,1551649800,19.4,20,73,2.24
Dzhebariki-Khaya,RU,62.63112471859097,136.8428060397389,1551652667,-23.05,0,32,1.28
Huarmey,PE,-16.966726379778464,-90.90270204474069,1551652667,72.98,48,100,12.68
Mrirt,MA,31.34255247336577,-5.096098536132274,1551652668,40.31,12,46,2.39
Acapulco,MX,7.117440982571807,-104.95196232464016,1551652668,82.66,0,100,10.33
Hualmay,PE,-17.61218411471077,-89.91295579252919,1551652669,72.53,80,100,14.36
Nantucket,US,40.30056468107665,-68.96795533292543,1551652670,41.3,92,100,15.82
Jarjis,TN,33.31469851362512,11.140292310556333,1551652670,56.33,0,99,4.52
Koumac,NC,-24.3701852068385,161.01220135644155,1551652671,75.05,92,100,25.99
Ondorhaan,MN,48.44579616138202,110.27123403067117,1551652672,13.9,44,64,2.95
Saint-Louis,SN,16.778784959812512,-18.680642752091586,1551652672,69.52,0,92,18.5
Odweyne,SO,7.746086281872934,46.09142522889377,1551652673,70.55,20,66,3.06
Akyab,MM,17.70444744425218,90.09168696158974,1551652673,77.93,0,99,8.43
Emporia,US,38.22049896416644,-96.3794418453754,1551651300,14.0,1,55,16.11
Denpasar,ID,-12.435817903110262,114.2486677684658,1551652675,84.86,0,99,13.91
Goba,ET,6.933640854723109,39.74008144480095,1551652676,46.16,12,75,2.17
Segezha,RU,63.682909069878974,33.15957459408136,1551652676,-4.6,0,52,2.28
Tual,ID,-5.8552610945203725,131.93438233234298,1551652677,77.66,92,100,13.47
Redford,US,42.35912244734092,-83.31039243549728,1551652651,27.0,90,73,13.87
Tiksi,RU,81.55813459151005,130.9346734510379,1551652679,-12.93,24,79,12.01
Hasaki,JP,23.562987136033755,158.70459133270157,1551652680,73.61,36,100,3.06
Maniitsoq,GL,60.44270832727423,-58.289361773769144,1551652681,22.18,20,100,16.26
Skjervoy,NO,72.7694580598872,20.302730459396912,1551652681,22.99,56,100,32.59
Port Hardy,CA,51.91605207095867,-129.2214272900624,1551652682,32.71,8,100,12.57
Sao Joao Da Barra,BR,-30.0627674297819,-29.787048958217497,1551652683,79.51,80,94,14.47
Constitucion,MX,17.762362092178037,-120.66851366409414,1551652683,75.64,0,100,19.73
Mys Shmidta,RU,86.88711330176545,-179.07945229870558,1551652684,-6.09,68,85,4.07
Ha Tinh,VN,18.27456250043518,105.8265636327078,1551652685,67.99,92,99,1.95
Carnarvon,AU,-29.150435989491747,101.2893780088167,1551652685,69.7,64,100,20.62
Marawi,SD,17.035120519563193,29.004467245633663,1551652685,61.91,0,24,10.22
Batemans Bay,AU,-39.529241919949584,153.0498739426405,1551652686,72.04,0,91,18.84
Ewo,CG,-0.29327337989657565,14.921752061380687,1551652686,71.81,8,91,3.18
Launceston,AU,-40.873251346791704,149.88353805887897,1551652687,68.26,0,94,8.99
Payo,PH,18.459923232853868,129.51843470391447,1551652687,76.99,0,100,8.21
Pemba,MZ,-13.006985399795596,41.92135198993856,1551652688,84.37,80,100,9.33
Cap Malheureux,MU,-12.641000689060448,58.063062566137006,1551652688,82.3,44,100,10.67
Nuuk,GL,65.92920047000797,-49.052683212302384,1551652689,4.81,0,66,20.96
Temaraia,KI,-0.1599136084836914,175.23408339307554,1551652690,82.84,88,100,15.26
Leua,AO,-12.943854097254103,20.832868877831032,1551652690,72.04,68,59,4.41
Esperance,AU,-33.98646746816205,121.44158938676856,1551650400,59.0,0,82,14.99
Sadovoye,RU,47.8587271463891,44.58077275213611,1551652691,25.96,8,88,16.26
Vaitupu,WF,-7.517619442330613,-177.03475522565984,1551652692,84.82,64,99,18.84
Half Moon Bay,US,34.383752276515395,-129.4705790354626,1551652692,55.66,24,100,8.66
Clyde River,CA,71.11398249746253,-69.01004883673131,1551652693,-14.37,0,65,1.39
Porto Nacional,BR,-10.416618422419745,-49.249380322462144,1551652694,76.09,36,87,5.75
Oskemen,KZ,49.59456760905394,82.72264721028813,1551650400,33.8,90,86,2.24
Aleksandrovsk-Sakhalinskiy,RU,51.404327689822594,141.5813435057825,1551652694,16.46,0,82,8.99
Jumla,NP,33.84703512689012,83.67659567496628,1551652695,-15.09,0,47,2.51
Buchanan,LR,1.4405537754209945,-11.520384952105616,1551652695,83.06,0,100,2.95
Faanui,PF,-10.350827010446125,-158.5390479207615,1551652695,84.28,88,100,11.12
Cherdyn,RU,60.44176502278549,56.44824290035973,1551652695,9.85,76,78,4.97
Costinesti,RO,43.85256476916564,28.830147008708792,1551652531,36.0,0,92,6.93
Myitkyina,MM,25.39699683797113,97.0748755719166,1551652697,57.86,92,93,3.51
Lorengau,PG,2.5553772248535296,144.21635752035132,1551652697,81.26,48,100,9.66
Ponta Delgada,PT,28.374456519382605,-29.54079725485866,1551652698,67.4,0,100,8.77
Baiyin,CN,36.09616526442123,105.07298295479006,1551652698,15.52,68,76,2.73
Inuvik,CA,68.32570818400296,-132.70990504174438,1551650400,12.2,75,51,3.36
Mchinji,MW,-13.423885478214018,33.05377806067233,1551652699,61.01,20,83,3.06
Kachug,RU,53.4803581563267,106.46551135221347,1551652699,18.94,80,83,2.73
Vostok,RU,47.78923509850159,147.69922105746576,1551652699,13.54,0,100,11.68
Kijang,ID,1.2564163711087701,104.93687967412546,1551652700,81.26,48,100,12.01
Wajima,JP,39.18265632170554,135.47088358988856,1551652700,47.06,68,100,20.4
Maneadero,MX,31.925182333631724,-116.11166077494579,1551652397,62.01,0,74,7.0
Weston,US,45.22628805776961,-89.04741943662275,1551652647,12.2,1,54,16.11
Leningradskiy,RU,87.23072875634585,179.4822225468181,1551652701,-6.27,68,86,4.52
Wanaka,NZ,-43.670370111767255,169.22817512871995,1551652702,57.1,48,100,4.97
Bredy,RU,52.48217035861552,60.15994234807877,1551652702,15.7,8,80,13.69
Katobu,ID,-4.417106311437237,123.72961181620747,1551652702,80.36,48,100,4.41
Raudeberg,NO,66.19949915537981,2.32785719330775,1551652702,38.51,36,100,29.35
Caraquet,CA,47.23412038239195,-64.75215726879593,1551652260,21.99,36,79,4.97
Nan,TH,18.337644725905065,100.94027032963595,1551652703,66.91,8,83,4.18
Jalu,LY,30.199192080403463,22.993971611158088,1551652703,58.58,24,54,6.76
Nouadhibou,MR,22.941358327603027,-15.544125020681236,1551652706,60.34,0,45,10.78
Namatanai,PG,6.960269886173037,159.6820715348204,1551652706,83.02,44,96,18.72
Morrope,PE,-6.811375766544472,-81.32318914905589,1551652707,78.2,8,98,11.56
Avera,PF,-23.276735272307945,-151.97548195870996,1551652707,80.18,12,100,12.24
Abeche,TD,12.74653274387255,21.188811160640427,1551652707,68.98,24,56,3.74
Melito Di Porto Salvo,IT,37.65355438874049,16.10690425321522,1551649800,55.4,20,76,10.29
Nome,US,58.46241578602684,-168.49419153014335,1551652708,36.58,92,95,35.95
Silistra,BG,44.04636185556481,27.172237979913177,1551652708,29.92,0,91,5.97
Dillon,US,44.48733459771708,-113.4815265451269,1551650100,26.6,90,49,8.05
Felanitx,ES,38.10737328724463,3.4134263709236734,1551652709,59.17,0,96,13.69
Dubti,ET,12.335025305207566,41.579475434418356,1551652709,67.09,0,61,5.19
Kudus,ID,-6.8007990300399115,110.88097177250103,1551650400,77.0,20,88,2.24
Hofn,IS,58.902295469774145,-15.168661740050396,1551652710,44.95,88,100,21.18
Chokwe,MZ,-23.40810850201386,32.7531765572202,1551652711,79.6,12,72,8.66
Bethanien,NA,-25.80561255363888,16.82041135571808,1551652711,58.36,0,52,5.19
Gravdal,NO,70.78937374044312,11.86591523036904,1551652711,33.38,24,100,28.12
Watsa,CD,2.740878193378478,29.63231951020137,1551652712,64.39,0,84,2.62
Chulym,RU,55.85288919249834,81.66752009558769,1551652712,29.15,88,88,13.91
Port Hueneme,US,31.347104317180722,-120.46350296226832,1551652713,59.44,88,99,11.45
Hobyo,SO,1.8063353878112594,51.93037513352084,1551652713,80.41,0,100,11.01
Shelburne,CA,38.091882742949196,-65.33077509083081,1551652714,58.0,56,100,9.66
Richards Bay,ZA,-28.867231957337403,35.735620105456945,1551652714,77.71,68,96,15.14
Olafsvik,IS,61.23992218556373,-28.443120249152884,1551652715,42.52,76,100,21.74
Srednekolymsk,RU,75.25658087959934,156.23778445746416,1551652715,-2.8,64,85,18.72
Brae,GB,61.46627482360245,-2.3626281394600426,1551652715,46.43,76,100,14.14
Puteyets,RU,65.78142574076017,56.741477206191945,1551652716,-10.45,12,52,6.98
Awbari,LY,25.74299360665215,12.780684248994021,1551652716,45.85,0,50,2.73
Port Blair,IN,9.97123094928753,91.55958829707504,1551652716,81.35,0,100,5.53
Halalo,WF,-15.786603563395659,-179.77371632989366,1551652717,84.1,48,98,11.79
Iwakuni,JP,34.14849229822926,132.13292859492174,1551652716,48.99,75,87,2.73
Preobrazheniye,RU,43.01910076493206,133.93502204334453,1551652717,33.52,0,54,2.62
Benghazi,LY,33.148722924842275,18.583322095880533,1551652718,60.07,32,98,10.22
Tarija,BO,-21.82462828766289,-65.15070487260655,1551650400,78.8,40,47,3.36
Mwinilunga,ZM,-10.590715823598046,24.964377450588273,1551652719,61.6,20,93,2.62
Anadyr,RU,61.03379718501188,175.15437007746579,1551652719,35.14,76,91,30.13
Warqla,DZ,29.287466812125416,8.07245110267121,1551652719,50.53,0,74,2.62
Alta Floresta,BR,-8.943498550076072,-54.92332247626196,1551652720,74.74,8,91,2.17
Gardan Diwal,AF,34.549047975582525,68.07476579520912,1551652720,-0.15,20,51,1.95
Simpang,ID,-0.6328391109198179,104.24280093655165,1551652721,80.32,88,89,10.33
Hamilton,BM,31.505255636373235,-69.82990704009747,1551652721,70.06,68,96,18.05
La Paz,MX,24.83030256093639,-110.18816533879938,1551652721,74.15,0,87,12.24
Vilyuysk,RU,62.03672536429377,121.73631921440358,1551652722,-3.03,36,72,2.95
Umm Lajj,SA,25.91186624941838,40.372048016643305,1551652722,33.79,0,72,6.42
Kyzyl-Suu,KG,41.21116985979501,77.56754277514301,1551652723,-0.96,64,70,2.06
Geresk,AF,31.854660398889976,64.60051210533732,1551652723,41.17,0,92,4.63
Duminichi,RU,54.11027820112338,35.0296245290628,1551652723,29.38,80,91,11.01
Wenling,CN,27.513742144711657,121.7108422095061,1551652724,53.81,0,100,17.05
Darhan,MN,47.08737980442416,109.77741003063386,1551652725,19.25,88,66,4.41
Tabialan,PH,6.087659559272865,122.09855523366991,1551652726,82.93,0,100,2.51
Ust-Kamchatsk,RU,55.094592419283515,163.07005221292405,1551652726,25.01,88,100,29.8
Hirado,JP,34.42575544780881,128.45813896533372,1551652728,52.33,68,100,20.4
Kushima,JP,29.535871994279972,131.5108854967043,1551652728,67.76,12,100,29.57
Maltahohe,NA,-24.160251662669694,15.730334862600614,1551652728,63.67,0,84,2.95
Lisakovsk,KZ,51.42255139792994,62.882382304035445,1551652729,17.0,56,81,13.02
